,Patient,Group,TMA spot / region,LA...4,Diffuse...5,LA...6,Diffuse...7,Klintrup_Makinen,CLR_Graham_Appelman,Sex,Age,Full_Histology,Full_Tumor_Location,Simple_Tumor_Location,PreOP_Therapy,PostOP_Therapy,pT,pN,pM,p_TNM,cM,cp_TNM_Simple,G,L,V,OS,OS_Censor,DFS,DFS_Censor,Nbr_Buds_ITBCC,Budding grade,MLH1,PMS2,MSH6,MSH2,MSI_IHC,MSI_PCR,TLS,un,formed,secondary
1,1,1,"1,2",1,1,1,1,2,2,Female,76.1041095890411,Adenocarcinoma,Rectum,Rectum,0,0,3,1c,NA,3B,0,3,2,1,0,71.3346482577252,0,71.3346482577252,0,25,3,1,1,1,1,MSS,0,TLS_reg001_A_0;TLS_reg001_A_1;TLS_reg001_A_2;TLS_reg001_B_0;TLS_reg002_B_0,4,1,0
2,2,2,"3,4",NA,2,NA,2,2,0,Female,85.2931506849315,Adenocarcinoma,Ascendens,Right,0,0,3,1b,NA,3B,0,3,2,1,0,137.639710716634,0,137.639710716634,1,8,2,1,1,1,1,MSS,0,TLS_reg003_A_0;TLS_reg003_B_0;TLS_reg003_B_1;TLS_reg004_B_0;TLS_reg004_B_1,5,0,0
3,3,2,"5,6",NA,2,NA,2,2,0,Male,56.013698630137,Adenocarcinoma,Descendens,Left,0,0,3,1b,NA,3B,0,3,2,1,1,0.394477317554241,1,0.394477317554241,0,5,2,1,1,1,1,MSS,0,TLS_reg005_A_0;TLS_reg005_A_1;TLS_reg005_B_0;TLS_reg005_B_1;TLS_reg006_A_0;TLS_reg006_A_1;TLS_reg006_B_0;TLS_reg006_B_1;TLS_reg006_B_2,9,0,0
4,4,2,"7,8",NA,2,NA,2,2,0,Male,82.3561643835616,Adenocarcinoma,Sigma,Left,0,0,3,1a,NA,3B,0,3,2,1,1,0.525969756738987,1,0.525969756738987,0,0,1,1,0,1,1,MSI,0,,0,0,0
5,5,2,"9,10",NA,2,NA,2,2,0,Female,78.3808219178082,Adenocarcinoma,Transversum,Right,0,0,3,1a,NA,3B,0,3,2,1,0,43.4582511505588,1,43.4582511505588,0,12,3,1,1,1,1,MSS,0,TLS_reg009_B_0;TLS_reg010_A_0;TLS_reg010_B_0,3,0,0
6,6,1,"11,12",1,1,1,1,1,2,Male,51.1671232876712,Mucinous,Ascendens,Right,0,1,3,1b,NA,3B,0,3,3,1,0,125.542406311637,0,125.542406311637,0,7,2,1,1,1,1,MSS,0,TLS_reg011_A_0;TLS_reg011_B_0;TLS_reg011_B_1;TLS_reg011_B_2;TLS_reg012_B_0,4,1,0
7,7,2,"13,14",NA,2,NA,2,2,0,Male,70.5808219178082,Adenocarcinoma,Ascendens,Right,0,0,3,1c,NA,3B,0,3,2,1,0,68.1788297172913,0,68.1788297172913,1,6,2,1,1,1,1,MSS,0,TLS_reg013_A_0;TLS_reg013_B_0;TLS_reg014_A_0,3,0,0
8,8,2,"15,16",NA,2,NA,2,2,0,Male,30.372602739726,Adenocarcinoma,Rectum,Rectum,0,1,3,2a,NA,3B,1,4,2,1,0,21.2360289283366,1,21.2360289283366,1,21,3,1,1,1,1,MSS,0,TLS_reg015_A_0;TLS_reg015_B_0;TLS_reg016_A_0,3,0,0
9,9,2,"17,18",NA,2,NA,2,2,0,Female,74.2904109589041,Adenocarcinoma,Cecum,Right,0,0,4a,1b,NA,3B,0,3,3,1,1,12.7876397107166,1,12.7876397107166,1,5,2,0,0,1,1,MSI,1,TLS_reg017_B_0;TLS_reg017_B_1;TLS_reg018_A_0;TLS_reg018_B_0;TLS_reg018_B_1,5,0,0
10,10,1,"19,20",1,1,1,1,2,2,Male,61.6849315068493,Adenocarcinoma,Rectum,Rectum,0,1,2,1b,NA,3A,0,3,2,NA,NA,124.095989480605,0,124.095989480605,0,6,2,1,1,1,1,MSS,0,TLS_reg019_A_0;TLS_reg019_A_1;TLS_reg019_A_2,3,0,0
11,11,1,"21,22",2,NA,1,1,1,2,Female,87.8,Adenocarcinoma,Descendens,Left,0,0,3,2a,NA,3B,0,3,2,1,1,70.1183431952663,0,70.1183431952663,0,8,2,1,1,1,1,MSS,0,TLS_reg021_A_0;TLS_reg022_A_0;TLS_reg022_A_1;TLS_reg022_B_0;TLS_reg022_B_1;TLS_reg022_B_2;TLS_reg022_B_3,5,0,2
12,12,1,"23,24",1,1,1,1,2,2,Female,75.8684931506849,Adenocarcinoma,Sigma,Left,0,0,3,2b,NA,3C,0,3,2,1,0,105.161078238001,0,105.161078238001,0,16,3,1,1,1,1,MSS,0,TLS_reg023_A_0;TLS_reg023_A_1;TLS_reg023_B_0,3,0,0
13,13,1,"25,26",1,1,1,1,2,2,Female,55.3534246575342,Mucinous,Cecum,Right,0,1,3,1b,NA,3B,0,3,3,1,0,42.965154503616,0,42.965154503616,0,3,1,1,nd,nd,nd,MSS,0,TLS_reg025_A_0;TLS_reg025_A_1;TLS_reg025_B_0;TLS_reg025_B_1;TLS_reg026_A_0,3,1,1
14,14,2,"27,28",NA,2,NA,2,3,0,Male,56.6328767123288,Adenocarcinoma,Cecum,Right,0,0,3,2b,1,4,1,4,3,1,1,13.2478632478632,0,13.2478632478632,0,13,3,1,1,1,1,MSS,0,TLS_reg028_A_0;TLS_reg028_B_0;TLS_reg028_B_1,3,0,0
15,15,2,"29,30",NA,2,NA,2,2,0,Female,66.0054794520548,Adenocarcinoma,Sigma,Left,0,0,3,2b,1,4,1,4,2,NA,NA,0.29585798816568,1,0.29585798816568,0,4,1,1,nd,nd,nd,MSS,NA,TLS_reg029_A_0;TLS_reg030_B_0,2,0,0
16,16,2,"31,32",NA,2,NA,2,2,0,Female,77.241095890411,Adenocarcinoma,Cecum,Right,0,1,2,1b,NA,3A,0,3,2,1,1,124.621959237344,0,124.621959237344,0,11,3,1,1,1,1,MSS,0,TLS_reg031_A_0;TLS_reg031_A_1;TLS_reg031_A_2;TLS_reg031_B_0;TLS_reg032_B_0;TLS_reg032_B_1,6,0,0
17,17,1,"33,34",1,1,1,1,1,2,Male,63.1561643835616,Mucinous,Cecum,Right,0,1,3,1b,NA,3B,0,3,3,1,0,138.034188034188,0,138.034188034188,0,9,2,1,1,1,1,MSS,0,TLS_reg033_A_0;TLS_reg033_B_0;TLS_reg034_A_0;TLS_reg034_A_1;TLS_reg034_B_0,3,0,2
18,18,2,"35,36",1,1,NA,2,2,0,Male,60.7753424657534,Adenocarcinoma,Sigma,Left,0,1,4,2b,1,4,0,4,3,1,1,11.9329388560158,1,10.5522682445759,1,10,3,nd,nd,nd,nd,nd,NA,TLS_reg035_A_0;TLS_reg035_A_1;TLS_reg035_B_0;TLS_reg035_B_1;TLS_reg036_A_0;TLS_reg036_B_0,3,3,0
19,19,1,"37,38",2,NA,1,1,1,2,Male,76.8849315068493,Mucinous,Cecum,Right,0,0,3,1c,NA,3B,0,3,3,0,0,17.7186061801446,1,17.7186061801446,0,0,1,1,nd,nd,nd,MSS,NA,TLS_reg037_A_0;TLS_reg037_A_1;TLS_reg037_B_0;TLS_reg037_B_1;TLS_reg037_B_2;TLS_reg038_A_0,4,2,0
20,20,1,"39,40",1,1,1,1,1,2,Male,64.0931506849315,Adenocarcinoma,Sigma,Left,0,0,3,0,1,4,1,4,3,1,1,112.393162393162,0,0.0986193293885601,1,2,1,1,nd,nd,nd,MSS,NA,TLS_reg039_A_0;TLS_reg039_B_0;TLS_reg040_A_0;TLS_reg040_A_1;TLS_reg040_B_0;TLS_reg040_B_1;TLS_reg040_B_2,6,0,1
21,21,1,"41,42",1,1,1,1,2,2,Female,56.2219178082192,Adenocarcinoma,Sigma,Left,0,NA,4a,1a,NA,3B,NA,3,2,1,0,41.148,0,41.148,0,7,2,1,1,1,1,MSS,NA,,0,0,0
22,22,2,"43,44",NA,2,NA,2,2,0,Female,89.5287671232877,Adenocarcinoma,Descendens,Left,0,NA,4,2a,NA,3C,NA,3,2,0,0,37.9,1,0,1,6,2,1,nd,nd,nd,MSS,NA,TLS_reg044_A_0;TLS_reg044_A_1,2,0,0
23,23,2,"45,46",NA,2,NA,2,2,0,Male,29.8712328767123,Adenocarcinoma,Cecum,Right,0,NA,3,1b,NA,3B,NA,3,2,1,0,35.574,0,35.574,0,12,3,1,1,0,0,MSI,NA,TLS_reg045_B_0;TLS_reg045_B_1;TLS_reg046_A_0;TLS_reg046_A_1,4,0,0
24,24,1,"47,48",1,1,1,1,1,2,Female,50.9753424657534,Mucinous,Cecum,Right,0,NA,3,1a,NA,3B,NA,3,3,1,1,32.721,0,32.721,0,2,1,1,1,1,1,MSS,NA,TLS_reg047_A_0;TLS_reg047_B_0;TLS_reg047_B_1;TLS_reg048_A_0;TLS_reg048_B_0;TLS_reg048_B_1,5,1,0
25,25,2,"49,50",NA,2,NA,2,2,0,Female,88.4191780821918,Adenocarcinoma,Rectum,Rectum,0,NA,3,1a,NA,3B,NA,3,2,1,1,31.148,1,31.148,1,6,2,1,1,1,1,MSS,NA,TLS_reg049_B_0,1,0,0
26,26,2,"51,52",NA,2,NA,2,2,0,Female,80.5205479452055,Adenocarcinoma,Rectum,Rectum,0,NA,3,2b,NA,3C,0,3,2,1,1,0.558842866535174,1,0.558842866535174,0,3,1,1,1,1,1,MSS,NA,,0,0,0
27,27,2,"53,54",NA,2,NA,2,2,0,Male,81.2,Adenocarcinoma,Sigma,Left,0,NA,4a,1b,NA,3B,0,3,2,1,0,1.28205128205128,1,1.28205128205128,0,5,2,1,1,1,1,MSS,NA,,0,0,0
28,28,1,"55,56",1,1,1,1,1,2,Female,85.2493150684931,Adenocarcinoma,Rectum,Rectum,0,NA,4a,1b,NA,3B,0,3,2,1,1,49.1781722550953,0,49.1781722550953,0,11,3,1,1,1,1,MSS,NA,TLS_reg055_A_0;TLS_reg056_A_0;TLS_reg056_A_1;TLS_reg056_A_2;TLS_reg056_B_0,4,0,1
29,29,1,"57,58",1,1,1,1,2,2,Female,58.3397260273973,Adenocarcinoma,Cecum,Right,0,NA,3,2a,NA,3B,0,3,3,1,0,46.5154503616042,0,46.5154503616042,0,3,1,1,1,1,1,MSS,NA,TLS_reg057_B_0;TLS_reg057_B_1,1,1,0
30,30,2,"59,60",NA,2,NA,2,2,0,Male,65.8246575342466,Mucinous,Sigma,Left,0,NA,3,1b,NA,3B,0,3,NA,1,1,19.0335305719921,1,16.0092044707429,1,11,3,1,1,1,1,MSS,NA,TLS_reg059_A_0;TLS_reg059_A_1;TLS_reg059_B_0;TLS_reg059_B_1;TLS_reg060_A_0;TLS_reg060_A_1;TLS_reg060_A_2;TLS_reg060_A_3,8,0,0
31,31,2,"61,62",NA,2,NA,2,2,0,Male,86.44,Mucinous,Ascendens,Right,0,NA,3,1a,NA,3B,0,3,1,1,1,10.3550295857988,1,10.3550295857988,0,3,1,0,0,1,1,MSI,NA,TLS_reg061_B_0;TLS_reg061_B_1;TLS_reg062_A_0;TLS_reg062_A_1;TLS_reg062_B_0,5,0,0
32,32,1,"63,64",1,1,1,1,2,2,Female,59.6739726027397,Adenocarcinoma,Sigma,Left,0,NA,4,2b,1,4,0,4,2,1,1,11.275476660092,1,0,1,6,2,1,1,1,1,MSS,NA,TLS_reg064_A_0;TLS_reg064_B_0,2,0,0
33,33,1,"65,66",1,1,1,1,1,2,Female,79.4931506849315,Adenocarcinoma,Sigma,Left,0,NA,4a,0,1,4,NA,4,NA,0,1,16.2,1,16.2,0,3,1,1,1,1,1,MSS,NA,TLS_reg065_A_0;TLS_reg066_B_0,2,0,0
34,34,1,"67,68",1,1,1,1,2,2,Male,68.05,Adenocarcinoma,Descendens,Left,0,NA,4a,0,1,4,NA,4,2,1,0,18.5404339250493,0,18.5404339250493,1,5,2,1,1,1,1,MSS,NA,TLS_reg067_A_0;TLS_reg067_A_1;TLS_reg067_B_0;TLS_reg067_B_1;TLS_reg068_B_0,5,0,0
35,35,1,"69,70",1,1,1,1,1,2,Male,68.66,Adenocarcinoma,Descendens,Left,0,NA,4,2b,NA,3C,0,3,NA,1,1,40.499671268902,1,40.499671268902,0,3,1,1,1,1,1,MSS,NA,TLS_reg069_A_0;TLS_reg069_A_1;TLS_reg069_B_0,2,1,0
